tarih,istasyon,tonaj,zamaninda,doluluk
2026-04-01,IST,4200,93,81
2026-05-01,IST,4350,94,83
2026-06-01,IST,4500,92,85
2026-07-01,IST,4700,95,86
2026-08-01,IST,4650,93,84
2026-09-01,IST,4800,96,88
2026-04-01,ESB,950,90,72
2026-05-01,ESB,980,91,74
2026-06-01,ESB,1020,89,73
2026-07-01,ESB,1080,92,76
2026-08-01,ESB,1050,90,75
2026-09-01,ESB,1120,93,78
2026-04-01,ADB,720,88,68
2026-05-01,ADB,740,89,70
2026-06-01,ADB,760,87,69
2026-07-01,ADB,800,90,72
2026-08-01,ADB,790,89,71
2026-09-01,ADB,830,91,73
2026-04-01,AYT,540,85,62
2026-05-01,AYT,560,86,64
2026-06-01,AYT,610,88,66
2026-07-01,AYT,680,90,70
2026-08-01,AYT,720,91,72
2026-09-01,AYT,650,89,67
